<project name="PSO Image Editor Deploy" default="dist" basedir=".">
	<description>
       Install extensions on a Rhythmyx 6 server  
	   The RHYTHMYX_HOME environment variable must be set 
    </description>
	<property environment="env"/>
	<!-- base directory of Rhythmyx installation -->
	<property name="rhythmyx.home" location="${env.RHYTHMYX_HOME}"/>
	<property name="rhythmyx.WEB-INF" value="${rhythmyx.home}/AppServer/server/rx/deploy/rxapp.ear/rxapp.war/WEB-INF"/>
	<property name="rhythmyx.rx_resources" value="${rhythmyx.home}/rx_resources" />
	<property name="rhythmyx.lib" value="${rhythmyx.WEB-INF}/lib"/>
	
 	<property name="rhythmyx.spring" value="${rhythmyx.WEB-INF}/config/user/spring" />
	<property name="rx.lib" value="${rhythmyx.home}/AppServer/server/rx/lib" /> 
	<property name="stylesheet" location="addProp.xslt" /> 
	<!-- relative paths -->
	<property name="lib" location="lib"/>
	

	<target name="jarcopy" description="copy the jar files from the lib folder" >
		<fail unless="env.RHYTHMYX_HOME" message="You must set the RHYTHMYX_HOME environment variable"/>
		<copy todir="${rhythmyx.lib}" overwrite="true" verbose="true">
		     <fileset dir="${lib}">
		          <include name="**.jar" /> 
		     </fileset>
			<fileset dir="${basedir}">
				<include name="**.jar" />
			</fileset>
		</copy>
		<copy todir="${rx.lib}">
			<fileset dir="${lib}" includes="ehcache*.jar backport-util-concurrent.jar jsr107cache*.jar" />
		</copy>
    </target>
	
	<target name="WEB-INF" description="Copy any configuration files to the Web App" >
		<fail unless="env.RHYTHMYX_HOME" message="You must set the RHYTHMYX_HOME environment variable"/>
		<copy todir="${rhythmyx.WEB-INF}" overwrite="true" verbose="true">
		   <fileset dir="WEB-INF" /> 
		</copy>
	</target>
	
	<target name="rx_resources" description="Copy the resource files">
		<fail unless="env.RHYTHMYX_HOME" message="You must set the RHYTHMYX_HOME environment variable"/>
		<copy todir="${rhythmyx.rx_resources}" overwrite="true" verbose="true" >
		   <fileset dir="rx_resources" /> 
		</copy>
	</target>
	
	<target name="installExtensions">
		<fail unless="env.RHYTHMYX_HOME" message="You must set the RHYTHMYX_HOME environment variable"/>
		<java classname="com.percussion.util.PSExtensionInstallTool" fork="true">
			<arg value="${rhythmyx.home}"/>
			<arg value="${basedir}"/>
			<classpath>
			    <fileset dir="${rhythmyx.lib}">
			    	<include name="rxserver.jar"/>
			    	<include name="rxclient.jar"/> 
			    	<include name="rxutils.jar" />
			    	<include name="rxservices.jar" />
			    	<include name="rxbusiness.jar" /> 
			    	<include name="commons-jexl*.jar" /> 
			    	<include name="commons-lang*.jar"/> 
			    	<include name="jcr*.jar" /> 
			    	<include name="commons-logging*.jar" /> 
			    	<include name="commons-collections*.jar" /> 
			    	<include name="commons-httpclient*.jar" /> 
				</fileset>
			    <fileset dir="${rhythmyx.home}/AppServer/lib/endorsed" >
				    <include name="xml-apis.jar" />
			    </fileset>
				<fileset dir="${rhythmyx.home}/AppServer/server/rx/lib">
					<include name="javax.servlet.jar" /> 
		    	</fileset>				
			</classpath>	
		</java>
	</target>
	
	<!-- this needs to be done only ONCE, to add the include to the UserDispatcher-servlet.xml file"  --> 
		<property name="dispatch.stylesheet" value="addProp.xslt" /> 
		<target name="addWebApp" description="adds the necessary property to the UserDispatcher-servlet and copies the new file">
				<echo>Transforming web.xml</echo>
				<copy file="${rhythmyx.WEB-INF}/web.xml" todir=""/>
				<xslt in="web.xml" style="${stylesheet}" out="Output.xml" force="yes" />
				<!-- echo>Deleted extraneous files</echo -->
				<!-- delete file="${stylesheet}"/ -->
				<move file="Output.xml" tofile="web.xml" />
				<copy file="web.xml" todir="${rhythmyx.WEB-INF}"/>
				<!-- delete file="web.xml"/ -->
				<echo>Updated web.xml</echo>
		</target>
		
	
	<target name="dist">
		<fail unless="env.RHYTHMYX_HOME" message="You must set the RHYTHMYX_HOME environment variable"/>
		<echo>Installing Extensions to ${rhythmyx.home}</echo>
		<antcall target="jarcopy"/>
		<antcall target="WEB-INF" />
		<antcall target="rx_resources" /> 
		<antcall target="installExtensions"/>
		<antcall target="addWebApp" />
	</target>
</project>
