﻿<?xml version="1.0" encoding="UTF-8"?>
<beans xmlns="http://www.springframework.org/schema/beans"
       xmlns:xsi="http://www.w3.org/2001/XMLSchema-instance"
       xmlns:util="http://www.springframework.org/schema/util"
       xsi:schemaLocation="
http://www.springframework.org/schema/beans http://www.springframework.org/schema/beans/spring-beans-2.0.xsd
http://www.springframework.org/schema/util http://www.springframework.org/schema/util/spring-util-2.0.xsd
http://www.springframework.org/schema/aop http://www.springframework.org/schema/aop/spring-aop-2.0.xsd">

   <bean id="imedImageSizeDefinitionManager" class="com.percussion.pso.imageedit.services.impl.ImageSizeDefinitionManagerImpl">
      <property name="sizes">
         <list>
            <bean class="com.percussion.pso.imageedit.data.ImageSizeDefinition">
               <property name="code" value="thumb"/>
               <property name="label" value="Smallest Image"/>
               <property name="height" value="100" />
               <property name="width" value="100"/> 
               <property name="binaryTemplate" value="imedBnThumb"/>
               <property name="snippetTemplate" value="imedSnThumb"/>
            </bean>
            <bean class="com.percussion.pso.imageedit.data.ImageSizeDefinition">
               <property name="code" value="midsize"/>
               <property name="label" value="Midsize Image"/>
               <property name="height" value="250" />
               <property name="width" value="250"/> 
               <property name="binaryTemplate" value="imedBnMidsize"/>
               <property name="snippetTemplate" value="imedSnMidsize"/>
            </bean>
         </list>
      </property>
      <property name="sizedImageNodeName" value="sized"/>
      <property name="sizedImagePropertyName" value="size_code" />
      <property name="failureImagePath" value="rx_resources/addins/psoimageeditor/images/failure.jpg" />  
   </bean>

 
   
   <!-- Cache beans used for image cache -->
   <bean id="cacheManager"
   	class="org.springframework.cache.ehcache.EhCacheManagerFactoryBean" />

   <bean id="ImageMetaDataCacheRegion"
   	class="org.springframework.cache.ehcache.EhCacheFactoryBean">
   	<property name="cacheManager">
   		<ref local="cacheManager" />
   	</property>
   	<property name="cacheName" 
   		value="com.percussion.pso.imageeditor.ImageMetaData" />
   	<property name="eternal" value="yes" />
   	<property name="diskPersistent" value="no" />
   </bean>

   <bean id="imedImageMetaDataCacheImpl"
   	class="com.percussion.pso.imageedit.services.cache.impl.ImageCacheManagerImpl">
   	<property name="cache" ref="ImageMetaDataCacheRegion" />
   </bean>

</beans>