<?xml version="1.0" encoding="utf-8"?>
<PSXExtensionHandlerConfiguration handlerName="Java">
<!-- Add your extensions here -->
<Extension categorystring="jexl" context="global/percussion/user/" deprecated="no" handler="Java" name="psoImageEditorTools" restoreRequestParamsOnError="no">
		<initParam name="com.percussion.user.description">Image Editor Utility Functions</initParam>
		<initParam name="com.percussion.extension.version">1</initParam>
		<initParam name="com.percussion.extension.reentrant">yes</initParam>
		<initParam name="className">com.percussion.pso.imageedit.services.jexl.ImageEditorTools</initParam>
		<interface name="com.percussion.extension.IPSJexlExpression"/>
		<suppliedResources/>
	</Extension>
	<Extension categorystring="contentlist" context="global/percussion/system/" deprecated="no" handler="Java" name="psoImageSizeTemplateExpander" restoreRequestParamsOnError="no">
      <initParam name="com.percussion.user.description">Template expander that creates an entry for each defined image size</initParam>
      <initParam name="com.percussion.extension.version">1</initParam>
      <initParam name="className">com.percussion.pso.imageedit.services.ImageSizeTemplateExpander</initParam>
      <initParam name="com.percussion.extension.reentrant">yes</initParam>
      <interface name="com.percussion.services.publisher.IPSTemplateExpander"/>
      <suppliedResources/>
   </Extension>
</PSXExtensionHandlerConfiguration>
