<?xml version="1.0" encoding="UTF-8"?>
<beans xmlns="http://www.springframework.org/schema/beans"
       xmlns:xsi="http://www.w3.org/2001/XMLSchema-instance"
       xmlns:util="http://www.springframework.org/schema/util"
       xsi:schemaLocation="
http://www.springframework.org/schema/beans http://www.springframework.org/schema/beans/spring-beans-2.0.xsd
http://www.springframework.org/schema/util http://www.springframework.org/schema/util/spring-util-2.0.xsd
http://www.springframework.org/schema/aop http://www.springframework.org/schema/aop/spring-aop-2.0.xsd">

   <!--  URL Mappings -->
  <bean id="imedUrlMapping" class="org.springframework.web.servlet.handler.SimpleUrlHandlerMapping">
      <property name="mappings">
         <props>
             <prop key="sizelookup.xml">imedSizeLookupController</prop>
             <prop key="images/*">imedBinaryController</prop>
             <prop key="testpage">imedTestPageController</prop>
             <prop key="imageeditor">imageWizard</prop>
         </props>
      </property>      
   </bean>
   
   <!-- Controllers  -->
   
   <bean id="imageWizard" class="com.percussion.pso.imageedit.web.ImageEditorWizard"
     init-method="init">
	<property name="commandName" value="image" />
	<property name="commandClass" value="com.percussion.pso.imageedit.data.ImageBean" />
	<property name="pageAttribute" value="page" />
	
    <property name="urlBuilder" ref="imedUrlBuilder"/>
	<property name="imagePersistenceManager" ref="imedPersistenceManager" />
	<property name="imageResizeMgr" ref="imedImageResizeManager" />
	
	<!--<property name="MAIN_PAGE" value="main" />
	<property name="CONFIRM_PAGE" value="confirm" />
	<property name="SIZE_PAGE" value="sizeimage" />
	<property name="FILE_UPLOAD_FIELD" value="image_upload" />-->
   </bean> 
   
   <bean id="imedBinaryController" class="com.percussion.pso.imageedit.web.BinaryImageController">
       <property name="urlBuilder" ref="imedUrlBuilder" />
   </bean>
   
   <bean id="imedSizeLookupController" class="com.percussion.pso.imageedit.web.ImageSizeDefinitionLookupController" >
      <property name="viewName" value="imedXmlResultView" /> 
      <property name="resultKey" value="result" />       
   </bean>
      
   <bean id="imedTestPageController"  class="com.percussion.pso.imageedit.web.impl.ImageEditorTestPageController" >
      <property name="viewName" value="testpage" />
      <property name="imagePersistenceManager" ref="imedPersistenceManager" /> 
      <property name="urlBuilder" ref="imedUrlBuilder"/>
   </bean> 
   <!-- Business Objects -->
   
   <bean id="imedPersistenceManager" class="com.percussion.pso.imageedit.web.impl.ImagePersistenceManagerImpl">
      <property name="imageContentType" value="imedImage" />
      <property name="masterFieldMap">
         <map>
            <!-- key is property name, value is Rx Field name -->
            <entry key="sysTitle" value="sys_title"/>
            <entry key="displayTitle" value="displaytitle" />
            <entry key="description" value="description" />
            <entry key="alt"  value="alt" /> 
            <entry key="imageKey" value="img" />
         </map>
      </property>
      <property name="childFieldMap">
         <map>
            <entry key="sizeDefinition" value="size_code" />
            <entry key="imageKey"  value="sized_img" />
			<entry key="x" value="sized_cropbox_x" />
			<entry key="y" value="sized_cropbox_y" />
			<entry key="width" value="sized_cropbox_width" />
			<entry key="height" value="sized_cropbox_height" />
         </map>
      </property>
   </bean>
      
   <bean id="imedImageResizeManager" class="com.percussion.pso.imageedit.web.impl.ImageResizeManagerImpl">
      <property name="extension" value="jpg" />
      <property name="contentType" value="image/jpeg" /> 
      <property name="imageFormat" value="jpeg" />
   </bean>
   
   <bean id="imedUrlBuilder" class="com.percussion.pso.imageedit.web.impl.ImageUrlBuilderImpl">
       <property name="baseUrl" value="/Rhythmyx/user/addins/psoimageeditor/images/"/>
   </bean> 
   
   <!-- Views and Resolvers -->
   
   <bean id="imedBeanNameViewResolver" class="org.springframework.web.servlet.view.BeanNameViewResolver" >
      <property name="order" value="0" />
   </bean>
   
   <bean id="imedJspViewResolver" class="org.springframework.web.servlet.view.InternalResourceViewResolver">
       <property name="viewClass" value="org.springframework.web.servlet.view.JstlView"/>
       <property name="prefix" value="/WEB-INF/addins/PSOImageEditor/pages/"/>
       <property name="suffix" value=".jsp"/>
       <property name="order" value="1" />
   </bean> 
   
   <bean id="imedXmlResultView" class="com.percussion.pso.imageedit.web.SimpleXmlView">
      <property name="contentType" value="text/xml" />
      <property name="encoding" value="UTF-8" />
      <property name="resultKey" value="result" />
   </bean>
      
   <bean id="multipartResolver"
    class="org.springframework.web.multipart.commons.CommonsMultipartResolver" />
   
   <bean id="messageSource" class="org.springframework.context.support.ResourceBundleMessageSource">
       <property name="basename" value="imageeditormessages" />
       <property name="useCodeAsDefaultMessage" value="true" />
   </bean>
</beans>